<?xml version="1.0" encoding="UTF-8" ?>
<!DOCTYPE ldml SYSTEM "../../common/dtd/ldml.dtd">
<!--
Copyright © 2015 Unicode, Inc.
CLDR data files are interpreted according to the LDML specification (http://unicode.org/reports/tr35/)
For terms of use, see http://www.unicode.org/copyright.html
-->
<ldml>
	<identity>
		<version number="$Revision$"/>
		<language type="am"/>
	</identity>
	<!-- The root collation order is valid for this language. Just move the native script first. -->
	<collations>
		<collation type="standard"><cr><![CDATA[
[reorder Ethi]
		]]></cr></collation>
	</collations>
</ldml>
