<?xml version="1.0" encoding="UTF-8" ?>
<!DOCTYPE ldml SYSTEM "../../common/dtd/ldml.dtd">
<!--
Copyright © 1991-2013 Unicode, Inc.
CLDR data files are interpreted according to the LDML specification (http://unicode.org/reports/tr35/)
For terms of use, see http://www.unicode.org/copyright.html
-->
<ldml>
	<identity>
		<version number="$Revision$"/>
		<language type="ar"/>
	</identity>
		<collations>
			<collation type="compat">
				<cr><![CDATA[
					[reorder Arab]
					&ت<<ة<<<ﺔ<<<ﺓ
					&ي<<ى<<<ﯨ<<<ﯩ<<<ﻰ<<<ﻯ<<<ﲐ<<<ﱝ
				]]></cr>
			</collation>
                        <collation type="standard">
				<cr><![CDATA[
[reorder Arab]

# Updated Arabic Ordering Specification
# -------------------------------------
#
# See the following ticket for background and discussion.
# http://unicode.org/cldr/trac/ticket/4207#comment:22
# "P1", etc, refers to point 1 of comment 22, etc.
#
# Note: Use the 'compat' tailoring for the previous ordering.

# P1. Teh Marbuta is secondary-before Teh
&[before 2]ت<<‎ة

# P2. Alef Maksura is secondary-before Yeh, followed by Farsi Yeh
&[before 2]‎ي‎<<ی<<‎ى

# P4. Hamzas have secondary differences (instead of primary)
&‎ء<<‎أ<<‎ؤ<<‎إ<<‎ئ<<‎ىٕ<<‎ا

# P3. Alef with Madda above is secondary-after Hamza + Alef.
# (This rule must be after any other rules which tailor Alef.)
‎&ءا‎<<‎آ‎

# P4. Tashkil (vowel marks) are tertiary differences, and are
# moved to after the last secondary ignorable.
&[last secondary ignorable]<<<\u064B<<<\u08F0<<<\u08E7<<<\u064C<<<\u08F1
<<<\u08E8<<<\u064D<<<\u08F2<<<\u08E9<<<\u064E<<<\u08E4<<<\u08F4<<<\u08F5
<<<\u064F<<<\u08E5<<<\u08FE<<<\u0650<<<\u08E6<<<\u08F6<<<\u0651<<<\u0652
<<<\u0653<<<\u06DF<<<\u06E1<<<\u065F<<<\u0656<<<\u0657<<<\u0658<<<\u08FF
<<<\u0659<<<\u065A<<<\u065B<<<\u065C<<<\u065D<<<\u065E<<<\u08F7<<<\u08F8
<<<\u08FD<<<\u08FB<<<\u08FC<<<\u08F9<<<\u08FA<<<\u0670

# P6. Presentation forms
#
# Most presentation forms are tailored to be identical to the
# normal forms.
# The characters U+FDF0..U+FDFD were given tertiary differences instead
# of identical. They have a slightly different semantic meaning and are
# much more common than the other presentation forms.
#
# All of the P6 rules may be candidates for moving to root as a private set
# in the future:  <http://unicode.org/cldr/trac/ticket/7766>
#
# Note: U+FDFD doesn't show up in the below UnicodeSet as it is
# architecturally a symbol.
&‎'بسم الله الرحمن الرحيم'<<<‎﷽

# The rest of these lines are generated by GenerateDecompCollationRules
# from UnicodeSet [[:dt=init:][:dt=med:][:dt=fin:][:dt=iso:]]
# Using: ICU v54.0.1.0, Unicode v7.0.0.0
#
# ‎&\u0621‎=\uFE80
‎&ء‎=ﺀ
# ‎&\u0627‎=\uFE8D‎=\uFE8E
‎&ا‎=ﺍ‎=ﺎ
# ‎&\u0627\u0643\u0628\u0631‎<<<\uFDF3
‎&اكبر‎<<<ﷳ
# ‎&\u0627\u0644\u0644\u0647‎<<<\uFDF2
‎&الله‎<<<ﷲ
# ‎&\u0627\u064B‎=\uFD3C‎=\uFD3D
‎&ا\u064B‎=ﴼ‎=ﴽ
# ‎&\u0627\u0653‎=\uFE81‎=\uFE82
‎&آ‎=ﺁ‎=ﺂ
# ‎&\u0627\u0654‎=\uFE83‎=\uFE84
‎&أ‎=ﺃ‎=ﺄ
# ‎&\u0627\u0655‎=\uFE87‎=\uFE88
‎&إ‎=ﺇ‎=ﺈ
# ‎&\u0628‎=\uFE8F‎=\uFE90‎=\uFE91‎=\uFE92
‎&ب‎=ﺏ‎=ﺐ‎=ﺑ‎=ﺒ
# ‎&\u0628\u062C‎=\uFC05‎=\uFC9C
‎&بج‎=ﰅ‎=ﲜ
# ‎&\u0628\u062D‎=\uFC06‎=\uFC9D
‎&بح‎=ﰆ‎=ﲝ
# ‎&\u0628\u062D\u064A‎=\uFDC2
‎&بحي‎=ﷂ
# ‎&\u0628\u062E‎=\uFC07‎=\uFC9E
‎&بخ‎=ﰇ‎=ﲞ
# ‎&\u0628\u062E\u064A‎=\uFD9E
‎&بخي‎=ﶞ
# ‎&\u0628\u0631‎=\uFC6A
‎&بر‎=ﱪ
# ‎&\u0628\u0632‎=\uFC6B
‎&بز‎=ﱫ
# ‎&\u0628\u0645‎=\uFC08‎=\uFC6C‎=\uFC9F‎=\uFCE1
‎&بم‎=ﰈ‎=ﱬ‎=ﲟ‎=ﳡ
# ‎&\u0628\u0646‎=\uFC6D
‎&بن‎=ﱭ
# ‎&\u0628\u0647‎=\uFCA0‎=\uFCE2
‎&به‎=ﲠ‎=ﳢ
# ‎&\u0628\u0649‎=\uFC09‎=\uFC6E
‎&بى‎=ﰉ‎=ﱮ
# ‎&\u0628\u064A‎=\uFC0A‎=\uFC6F
‎&بي‎=ﰊ‎=ﱯ
# ‎&\u0629‎=\uFE93‎=\uFE94
‎&ة‎=ﺓ‎=ﺔ
# ‎&\u062A‎=\uFE95‎=\uFE96‎=\uFE97‎=\uFE98
‎&ت‎=ﺕ‎=ﺖ‎=ﺗ‎=ﺘ
# ‎&\u062A\u062C‎=\uFC0B‎=\uFCA1
‎&تج‎=ﰋ‎=ﲡ
# ‎&\u062A\u062C\u0645‎=\uFD50
‎&تجم‎=ﵐ
# ‎&\u062A\u062C\u0649‎=\uFDA0
‎&تجى‎=ﶠ
# ‎&\u062A\u062C\u064A‎=\uFD9F
‎&تجي‎=ﶟ
# ‎&\u062A\u062D‎=\uFC0C‎=\uFCA2
‎&تح‎=ﰌ‎=ﲢ
# ‎&\u062A\u062D\u062C‎=\uFD51‎=\uFD52
‎&تحج‎=ﵑ‎=ﵒ
# ‎&\u062A\u062D\u0645‎=\uFD53
‎&تحم‎=ﵓ
# ‎&\u062A\u062E‎=\uFC0D‎=\uFCA3
‎&تخ‎=ﰍ‎=ﲣ
# ‎&\u062A\u062E\u0645‎=\uFD54
‎&تخم‎=ﵔ
# ‎&\u062A\u062E\u0649‎=\uFDA2
‎&تخى‎=ﶢ
# ‎&\u062A\u062E\u064A‎=\uFDA1
‎&تخي‎=ﶡ
# ‎&\u062A\u0631‎=\uFC70
‎&تر‎=ﱰ
# ‎&\u062A\u0632‎=\uFC71
‎&تز‎=ﱱ
# ‎&\u062A\u0645‎=\uFC0E‎=\uFC72‎=\uFCA4‎=\uFCE3
‎&تم‎=ﰎ‎=ﱲ‎=ﲤ‎=ﳣ
# ‎&\u062A\u0645\u062C‎=\uFD55
‎&تمج‎=ﵕ
# ‎&\u062A\u0645\u062D‎=\uFD56
‎&تمح‎=ﵖ
# ‎&\u062A\u0645\u062E‎=\uFD57
‎&تمخ‎=ﵗ
# ‎&\u062A\u0645\u0649‎=\uFDA4
‎&تمى‎=ﶤ
# ‎&\u062A\u0645\u064A‎=\uFDA3
‎&تمي‎=ﶣ
# ‎&\u062A\u0646‎=\uFC73
‎&تن‎=ﱳ
# ‎&\u062A\u0647‎=\uFCA5‎=\uFCE4
‎&ته‎=ﲥ‎=ﳤ
# ‎&\u062A\u0649‎=\uFC0F‎=\uFC74
‎&تى‎=ﰏ‎=ﱴ
# ‎&\u062A\u064A‎=\uFC10‎=\uFC75
‎&تي‎=ﰐ‎=ﱵ
# ‎&\u062B‎=\uFE99‎=\uFE9A‎=\uFE9B‎=\uFE9C
‎&ث‎=ﺙ‎=ﺚ‎=ﺛ‎=ﺜ
# ‎&\u062B\u062C‎=\uFC11
‎&ثج‎=ﰑ
# ‎&\u062B\u0631‎=\uFC76
‎&ثر‎=ﱶ
# ‎&\u062B\u0632‎=\uFC77
‎&ثز‎=ﱷ
# ‎&\u062B\u0645‎=\uFC12‎=\uFC78‎=\uFCA6‎=\uFCE5
‎&ثم‎=ﰒ‎=ﱸ‎=ﲦ‎=ﳥ
# ‎&\u062B\u0646‎=\uFC79
‎&ثن‎=ﱹ
# ‎&\u062B\u0647‎=\uFCE6
‎&ثه‎=ﳦ
# ‎&\u062B\u0649‎=\uFC13‎=\uFC7A
‎&ثى‎=ﰓ‎=ﱺ
# ‎&\u062B\u064A‎=\uFC14‎=\uFC7B
‎&ثي‎=ﰔ‎=ﱻ
# ‎&\u062C‎=\uFE9D‎=\uFE9E‎=\uFE9F‎=\uFEA0
‎&ج‎=ﺝ‎=ﺞ‎=ﺟ‎=ﺠ
# ‎&\u062C\u062D‎=\uFC15‎=\uFCA7
‎&جح‎=ﰕ‎=ﲧ
# ‎&\u062C\u062D\u0649‎=\uFDA6
‎&جحى‎=ﶦ
# ‎&\u062C\u062D\u064A‎=\uFDBE
‎&جحي‎=ﶾ
# ‎&\u062C\u0644\\u0020\u062C\u0644\u0627\u0644\u0647‎<<<\uFDFB
‎&'جل جلاله'‎<<<ﷻ
# ‎&\u062C\u0645‎=\uFC16‎=\uFCA8
‎&جم‎=ﰖ‎=ﲨ
# ‎&\u062C\u0645\u062D‎=\uFD58‎=\uFD59
‎&جمح‎=ﵘ‎=ﵙ
# ‎&\u062C\u0645\u0649‎=\uFDA7
‎&جمى‎=ﶧ
# ‎&\u062C\u0645\u064A‎=\uFDA5
‎&جمي‎=ﶥ
# ‎&\u062C\u0649‎=\uFD01‎=\uFD1D
‎&جى‎=ﴁ‎=ﴝ
# ‎&\u062C\u064A‎=\uFD02‎=\uFD1E
‎&جي‎=ﴂ‎=ﴞ
# ‎&\u062D‎=\uFEA1‎=\uFEA2‎=\uFEA3‎=\uFEA4
‎&ح‎=ﺡ‎=ﺢ‎=ﺣ‎=ﺤ
# ‎&\u062D\u062C‎=\uFC17‎=\uFCA9
‎&حج‎=ﰗ‎=ﲩ
# ‎&\u062D\u062C\u064A‎=\uFDBF
‎&حجي‎=ﶿ
# ‎&\u062D\u0645‎=\uFC18‎=\uFCAA
‎&حم‎=ﰘ‎=ﲪ
# ‎&\u062D\u0645\u0649‎=\uFD5B
‎&حمى‎=ﵛ
# ‎&\u062D\u0645\u064A‎=\uFD5A
‎&حمي‎=ﵚ
# ‎&\u062D\u0649‎=\uFCFF‎=\uFD1B
‎&حى‎=ﳿ‎=ﴛ
# ‎&\u062D\u064A‎=\uFD00‎=\uFD1C
‎&حي‎=ﴀ‎=ﴜ
# ‎&\u062E‎=\uFEA5‎=\uFEA6‎=\uFEA7‎=\uFEA8
‎&خ‎=ﺥ‎=ﺦ‎=ﺧ‎=ﺨ
# ‎&\u062E\u062C‎=\uFC19‎=\uFCAB
‎&خج‎=ﰙ‎=ﲫ
# ‎&\u062E\u062D‎=\uFC1A
‎&خح‎=ﰚ
# ‎&\u062E\u0645‎=\uFC1B‎=\uFCAC
‎&خم‎=ﰛ‎=ﲬ
# ‎&\u062E\u0649‎=\uFD03‎=\uFD1F
‎&خى‎=ﴃ‎=ﴟ
# ‎&\u062E\u064A‎=\uFD04‎=\uFD20
‎&خي‎=ﴄ‎=ﴠ
# ‎&\u062F‎=\uFEA9‎=\uFEAA
‎&د‎=ﺩ‎=ﺪ
# ‎&\u0630‎=\uFEAB‎=\uFEAC
‎&ذ‎=ﺫ‎=ﺬ
# ‎&\u0630\u0670‎=\uFC5B
‎&ذ\u0670‎=ﱛ
# ‎&\u0631‎=\uFEAD‎=\uFEAE
‎&ر‎=ﺭ‎=ﺮ
# ‎&\u0631\u0633\u0648\u0644‎<<<\uFDF6
‎&رسول‎<<<ﷶ
# ‎&\u0631\u0670‎=\uFC5C
‎&ر\u0670‎=ﱜ
# ‎&\u0631\u06CC\u0627\u0644‎<<<\uFDFC
‎&ریال‎<<<﷼
# ‎&\u0632‎=\uFEAF‎=\uFEB0
‎&ز‎=ﺯ‎=ﺰ
# ‎&\u0633‎=\uFEB1‎=\uFEB2‎=\uFEB3‎=\uFEB4
‎&س‎=ﺱ‎=ﺲ‎=ﺳ‎=ﺴ
# ‎&\u0633\u062C‎=\uFC1C‎=\uFCAD‎=\uFD34
‎&سج‎=ﰜ‎=ﲭ‎=ﴴ
# ‎&\u0633\u062C\u062D‎=\uFD5D
‎&سجح‎=ﵝ
# ‎&\u0633\u062C\u0649‎=\uFD5E
‎&سجى‎=ﵞ
# ‎&\u0633\u062D‎=\uFC1D‎=\uFCAE‎=\uFD35
‎&سح‎=ﰝ‎=ﲮ‎=ﴵ
# ‎&\u0633\u062D\u062C‎=\uFD5C
‎&سحج‎=ﵜ
# ‎&\u0633\u062E‎=\uFC1E‎=\uFCAF‎=\uFD36
‎&سخ‎=ﰞ‎=ﲯ‎=ﴶ
# ‎&\u0633\u062E\u0649‎=\uFDA8
‎&سخى‎=ﶨ
# ‎&\u0633\u062E\u064A‎=\uFDC6
‎&سخي‎=ﷆ
# ‎&\u0633\u0631‎=\uFD0E‎=\uFD2A
‎&سر‎=ﴎ‎=ﴪ
# ‎&\u0633\u0645‎=\uFC1F‎=\uFCB0‎=\uFCE7
‎&سم‎=ﰟ‎=ﲰ‎=ﳧ
# ‎&\u0633\u0645\u062C‎=\uFD61
‎&سمج‎=ﵡ
# ‎&\u0633\u0645\u062D‎=\uFD5F‎=\uFD60
‎&سمح‎=ﵟ‎=ﵠ
# ‎&\u0633\u0645\u0645‎=\uFD62‎=\uFD63
‎&سمم‎=ﵢ‎=ﵣ
# ‎&\u0633\u0647‎=\uFCE8‎=\uFD31
‎&سه‎=ﳨ‎=ﴱ
# ‎&\u0633\u0649‎=\uFCFB‎=\uFD17
‎&سى‎=ﳻ‎=ﴗ
# ‎&\u0633\u064A‎=\uFCFC‎=\uFD18
‎&سي‎=ﳼ‎=ﴘ
# ‎&\u0634‎=\uFEB5‎=\uFEB6‎=\uFEB7‎=\uFEB8
‎&ش‎=ﺵ‎=ﺶ‎=ﺷ‎=ﺸ
# ‎&\u0634\u062C‎=\uFD09‎=\uFD25‎=\uFD2D‎=\uFD37
‎&شج‎=ﴉ‎=ﴥ‎=ﴭ‎=ﴷ
# ‎&\u0634\u062C\u064A‎=\uFD69
‎&شجي‎=ﵩ
# ‎&\u0634\u062D‎=\uFD0A‎=\uFD26‎=\uFD2E‎=\uFD38
‎&شح‎=ﴊ‎=ﴦ‎=ﴮ‎=ﴸ
# ‎&\u0634\u062D\u0645‎=\uFD67‎=\uFD68
‎&شحم‎=ﵧ‎=ﵨ
# ‎&\u0634\u062D\u064A‎=\uFDAA
‎&شحي‎=ﶪ
# ‎&\u0634\u062E‎=\uFD0B‎=\uFD27‎=\uFD2F‎=\uFD39
‎&شخ‎=ﴋ‎=ﴧ‎=ﴯ‎=ﴹ
# ‎&\u0634\u0631‎=\uFD0D‎=\uFD29
‎&شر‎=ﴍ‎=ﴩ
# ‎&\u0634\u0645‎=\uFCE9‎=\uFD0C‎=\uFD28‎=\uFD30
‎&شم‎=ﳩ‎=ﴌ‎=ﴨ‎=ﴰ
# ‎&\u0634\u0645\u062E‎=\uFD6A‎=\uFD6B
‎&شمخ‎=ﵪ‎=ﵫ
# ‎&\u0634\u0645\u0645‎=\uFD6C‎=\uFD6D
‎&شمم‎=ﵬ‎=ﵭ
# ‎&\u0634\u0647‎=\uFCEA‎=\uFD32
‎&شه‎=ﳪ‎=ﴲ
# ‎&\u0634\u0649‎=\uFCFD‎=\uFD19
‎&شى‎=ﳽ‎=ﴙ
# ‎&\u0634\u064A‎=\uFCFE‎=\uFD1A
‎&شي‎=ﳾ‎=ﴚ
# ‎&\u0635‎=\uFEB9‎=\uFEBA‎=\uFEBB‎=\uFEBC
‎&ص‎=ﺹ‎=ﺺ‎=ﺻ‎=ﺼ
# ‎&\u0635\u062D‎=\uFC20‎=\uFCB1
‎&صح‎=ﰠ‎=ﲱ
# ‎&\u0635\u062D\u062D‎=\uFD64‎=\uFD65
‎&صحح‎=ﵤ‎=ﵥ
# ‎&\u0635\u062D\u064A‎=\uFDA9
‎&صحي‎=ﶩ
# ‎&\u0635\u062E‎=\uFCB2
‎&صخ‎=ﲲ
# ‎&\u0635\u0631‎=\uFD0F‎=\uFD2B
‎&صر‎=ﴏ‎=ﴫ
# ‎&\u0635\u0644\u0639\u0645‎<<<\uFDF5
‎&صلعم‎<<<ﷵ
# ‎&\u0635\u0644\u0649‎<<<\uFDF9
‎&صلى‎<<<ﷹ
# ‎&\u0635\u0644\u0649\\u0020\u0627\u0644\u0644\u0647
#  \\u0020\u0639\u0644\u064A\u0647\\u0020\u0648\u0633\u0644\u0645‎<<<\uFDFA
‎&'صلى الله عليه وسلم'‎<<<ﷺ
# ‎&\u0635\u0644\u06D2‎<<<\uFDF0
‎&صلے‎<<<ﷰ
# ‎&\u0635\u0645‎=\uFC21‎=\uFCB3
‎&صم‎=ﰡ‎=ﲳ
# ‎&\u0635\u0645\u0645‎=\uFD66‎=\uFDC5
‎&صمم‎=ﵦ‎=ﷅ
# ‎&\u0635\u0649‎=\uFD05‎=\uFD21
‎&صى‎=ﴅ‎=ﴡ
# ‎&\u0635\u064A‎=\uFD06‎=\uFD22
‎&صي‎=ﴆ‎=ﴢ
# ‎&\u0636‎=\uFEBD‎=\uFEBE‎=\uFEBF‎=\uFEC0
‎&ض‎=ﺽ‎=ﺾ‎=ﺿ‎=ﻀ
# ‎&\u0636\u062C‎=\uFC22‎=\uFCB4
‎&ضج‎=ﰢ‎=ﲴ
# ‎&\u0636\u062D‎=\uFC23‎=\uFCB5
‎&ضح‎=ﰣ‎=ﲵ
# ‎&\u0636\u062D\u0649‎=\uFD6E
‎&ضحى‎=ﵮ
# ‎&\u0636\u062D\u064A‎=\uFDAB
‎&ضحي‎=ﶫ
# ‎&\u0636\u062E‎=\uFC24‎=\uFCB6
‎&ضخ‎=ﰤ‎=ﲶ
# ‎&\u0636\u062E\u0645‎=\uFD6F‎=\uFD70
‎&ضخم‎=ﵯ‎=ﵰ
# ‎&\u0636\u0631‎=\uFD10‎=\uFD2C
‎&ضر‎=ﴐ‎=ﴬ
# ‎&\u0636\u0645‎=\uFC25‎=\uFCB7
‎&ضم‎=ﰥ‎=ﲷ
# ‎&\u0636\u0649‎=\uFD07‎=\uFD23
‎&ضى‎=ﴇ‎=ﴣ
# ‎&\u0636\u064A‎=\uFD08‎=\uFD24
‎&ضي‎=ﴈ‎=ﴤ
# ‎&\u0637‎=\uFEC1‎=\uFEC2‎=\uFEC3‎=\uFEC4
‎&ط‎=ﻁ‎=ﻂ‎=ﻃ‎=ﻄ
# ‎&\u0637\u062D‎=\uFC26‎=\uFCB8
‎&طح‎=ﰦ‎=ﲸ
# ‎&\u0637\u0645‎=\uFC27‎=\uFD33‎=\uFD3A
‎&طم‎=ﰧ‎=ﴳ‎=ﴺ
# ‎&\u0637\u0645\u062D‎=\uFD71‎=\uFD72
‎&طمح‎=ﵱ‎=ﵲ
# ‎&\u0637\u0645\u0645‎=\uFD73
‎&طمم‎=ﵳ
# ‎&\u0637\u0645\u064A‎=\uFD74
‎&طمي‎=ﵴ
# ‎&\u0637\u0649‎=\uFCF5‎=\uFD11
‎&طى‎=ﳵ‎=ﴑ
# ‎&\u0637\u064A‎=\uFCF6‎=\uFD12
‎&طي‎=ﳶ‎=ﴒ
# ‎&\u0638‎=\uFEC5‎=\uFEC6‎=\uFEC7‎=\uFEC8
‎&ظ‎=ﻅ‎=ﻆ‎=ﻇ‎=ﻈ
# ‎&\u0638\u0645‎=\uFC28‎=\uFCB9‎=\uFD3B
‎&ظم‎=ﰨ‎=ﲹ‎=ﴻ
# ‎&\u0639‎=\uFEC9‎=\uFECA‎=\uFECB‎=\uFECC
‎&ع‎=ﻉ‎=ﻊ‎=ﻋ‎=ﻌ
# ‎&\u0639\u062C‎=\uFC29‎=\uFCBA
‎&عج‎=ﰩ‎=ﲺ
# ‎&\u0639\u062C\u0645‎=\uFD75‎=\uFDC4
‎&عجم‎=ﵵ‎=ﷄ
# ‎&\u0639\u0644\u064A\u0647‎<<<\uFDF7
‎&عليه‎<<<ﷷ
# ‎&\u0639\u0645‎=\uFC2A‎=\uFCBB
‎&عم‎=ﰪ‎=ﲻ
# ‎&\u0639\u0645\u0645‎=\uFD76‎=\uFD77
‎&عمم‎=ﵶ‎=ﵷ
# ‎&\u0639\u0645\u0649‎=\uFD78
‎&عمى‎=ﵸ
# ‎&\u0639\u0645\u064A‎=\uFDB6
‎&عمي‎=ﶶ
# ‎&\u0639\u0649‎=\uFCF7‎=\uFD13
‎&عى‎=ﳷ‎=ﴓ
# ‎&\u0639\u064A‎=\uFCF8‎=\uFD14
‎&عي‎=ﳸ‎=ﴔ
# ‎&\u063A‎=\uFECD‎=\uFECE‎=\uFECF‎=\uFED0
‎&غ‎=ﻍ‎=ﻎ‎=ﻏ‎=ﻐ
# ‎&\u063A\u062C‎=\uFC2B‎=\uFCBC
‎&غج‎=ﰫ‎=ﲼ
# ‎&\u063A\u0645‎=\uFC2C‎=\uFCBD
‎&غم‎=ﰬ‎=ﲽ
# ‎&\u063A\u0645\u0645‎=\uFD79
‎&غمم‎=ﵹ
# ‎&\u063A\u0645\u0649‎=\uFD7B
‎&غمى‎=ﵻ
# ‎&\u063A\u0645\u064A‎=\uFD7A
‎&غمي‎=ﵺ
# ‎&\u063A\u0649‎=\uFCF9‎=\uFD15
‎&غى‎=ﳹ‎=ﴕ
# ‎&\u063A\u064A‎=\uFCFA‎=\uFD16
‎&غي‎=ﳺ‎=ﴖ
# ‎&\u0640\u064B‎=\uFE71
‎&ـ\u064B‎=ﹱ
# ‎&\u0640\u064E‎=\uFE77
‎&ـ\u064E‎=ﹷ
# ‎&\u0640\u064E\u0651‎=\uFCF2
‎&ـ\u064E\u0651‎=ﳲ
# ‎&\u0640\u064F‎=\uFE79
‎&ـ\u064F‎=ﹹ
# ‎&\u0640\u064F\u0651‎=\uFCF3
‎&ـ\u064F\u0651‎=ﳳ
# ‎&\u0640\u0650‎=\uFE7B
‎&ـ\u0650‎=ﹻ
# ‎&\u0640\u0650\u0651‎=\uFCF4
‎&ـ\u0650\u0651‎=ﳴ
# ‎&\u0640\u0651‎=\uFE7D
‎&ـ\u0651‎=ﹽ
# ‎&\u0640\u0652‎=\uFE7F
‎&ـ\u0652‎=ﹿ
# ‎&\u0641‎=\uFED1‎=\uFED2‎=\uFED3‎=\uFED4
‎&ف‎=ﻑ‎=ﻒ‎=ﻓ‎=ﻔ
# ‎&\u0641\u062C‎=\uFC2D‎=\uFCBE
‎&فج‎=ﰭ‎=ﲾ
# ‎&\u0641\u062D‎=\uFC2E‎=\uFCBF
‎&فح‎=ﰮ‎=ﲿ
# ‎&\u0641\u062E‎=\uFC2F‎=\uFCC0
‎&فخ‎=ﰯ‎=ﳀ
# ‎&\u0641\u062E\u0645‎=\uFD7C‎=\uFD7D
‎&فخم‎=ﵼ‎=ﵽ
# ‎&\u0641\u0645‎=\uFC30‎=\uFCC1
‎&فم‎=ﰰ‎=ﳁ
# ‎&\u0641\u0645\u064A‎=\uFDC1
‎&فمي‎=ﷁ
# ‎&\u0641\u0649‎=\uFC31‎=\uFC7C
‎&فى‎=ﰱ‎=ﱼ
# ‎&\u0641\u064A‎=\uFC32‎=\uFC7D
‎&في‎=ﰲ‎=ﱽ
# ‎&\u0642‎=\uFED5‎=\uFED6‎=\uFED7‎=\uFED8
‎&ق‎=ﻕ‎=ﻖ‎=ﻗ‎=ﻘ
# ‎&\u0642\u062D‎=\uFC33‎=\uFCC2
‎&قح‎=ﰳ‎=ﳂ
# ‎&\u0642\u0644\u06D2‎<<<\uFDF1
‎&قلے‎<<<ﷱ
# ‎&\u0642\u0645‎=\uFC34‎=\uFCC3
‎&قم‎=ﰴ‎=ﳃ
# ‎&\u0642\u0645\u062D‎=\uFD7E‎=\uFDB4
‎&قمح‎=ﵾ‎=ﶴ
# ‎&\u0642\u0645\u0645‎=\uFD7F
‎&قمم‎=ﵿ
# ‎&\u0642\u0645\u064A‎=\uFDB2
‎&قمي‎=ﶲ
# ‎&\u0642\u0649‎=\uFC35‎=\uFC7E
‎&قى‎=ﰵ‎=ﱾ
# ‎&\u0642\u064A‎=\uFC36‎=\uFC7F
‎&قي‎=ﰶ‎=ﱿ
# ‎&\u0643‎=\uFED9‎=\uFEDA‎=\uFEDB‎=\uFEDC
‎&ك‎=ﻙ‎=ﻚ‎=ﻛ‎=ﻜ
# ‎&\u0643\u0627‎=\uFC37‎=\uFC80
‎&كا‎=ﰷ‎=ﲀ
# ‎&\u0643\u062C‎=\uFC38‎=\uFCC4
‎&كج‎=ﰸ‎=ﳄ
# ‎&\u0643\u062D‎=\uFC39‎=\uFCC5
‎&كح‎=ﰹ‎=ﳅ
# ‎&\u0643\u062E‎=\uFC3A‎=\uFCC6
‎&كخ‎=ﰺ‎=ﳆ
# ‎&\u0643\u0644‎=\uFC3B‎=\uFC81‎=\uFCC7‎=\uFCEB
‎&كل‎=ﰻ‎=ﲁ‎=ﳇ‎=ﳫ
# ‎&\u0643\u0645‎=\uFC3C‎=\uFC82‎=\uFCC8‎=\uFCEC
‎&كم‎=ﰼ‎=ﲂ‎=ﳈ‎=ﳬ
# ‎&\u0643\u0645\u0645‎=\uFDBB‎=\uFDC3
‎&كمم‎=ﶻ‎=ﷃ
# ‎&\u0643\u0645\u064A‎=\uFDB7
‎&كمي‎=ﶷ
# ‎&\u0643\u0649‎=\uFC3D‎=\uFC83
‎&كى‎=ﰽ‎=ﲃ
# ‎&\u0643\u064A‎=\uFC3E‎=\uFC84
‎&كي‎=ﰾ‎=ﲄ
# ‎&\u0644‎=\uFEDD‎=\uFEDE‎=\uFEDF‎=\uFEE0
‎&ل‎=ﻝ‎=ﻞ‎=ﻟ‎=ﻠ
# ‎&\u0644\u0627‎=\uFEFB‎=\uFEFC
‎&لا‎=ﻻ‎=ﻼ
# ‎&\u0644\u0627\u0653‎=\uFEF5‎=\uFEF6
‎&لآ‎=ﻵ‎=ﻶ
# ‎&\u0644\u0627\u0654‎=\uFEF7‎=\uFEF8
‎&لأ‎=ﻷ‎=ﻸ
# ‎&\u0644\u0627\u0655‎=\uFEF9‎=\uFEFA
‎&لإ‎=ﻹ‎=ﻺ
# ‎&\u0644\u062C‎=\uFC3F‎=\uFCC9
‎&لج‎=ﰿ‎=ﳉ
# ‎&\u0644\u062C\u062C‎=\uFD83‎=\uFD84
‎&لجج‎=ﶃ‎=ﶄ
# ‎&\u0644\u062C\u0645‎=\uFDBA‎=\uFDBC
‎&لجم‎=ﶺ‎=ﶼ
# ‎&\u0644\u062C\u064A‎=\uFDAC
‎&لجي‎=ﶬ
# ‎&\u0644\u062D‎=\uFC40‎=\uFCCA
‎&لح‎=ﱀ‎=ﳊ
# ‎&\u0644\u062D\u0645‎=\uFD80‎=\uFDB5
‎&لحم‎=ﶀ‎=ﶵ
# ‎&\u0644\u062D\u0649‎=\uFD82
‎&لحى‎=ﶂ
# ‎&\u0644\u062D\u064A‎=\uFD81
‎&لحي‎=ﶁ
# ‎&\u0644\u062E‎=\uFC41‎=\uFCCB
‎&لخ‎=ﱁ‎=ﳋ
# ‎&\u0644\u062E\u0645‎=\uFD85‎=\uFD86
‎&لخم‎=ﶅ‎=ﶆ
# ‎&\u0644\u0645‎=\uFC42‎=\uFC85‎=\uFCCC‎=\uFCED
‎&لم‎=ﱂ‎=ﲅ‎=ﳌ‎=ﳭ
# ‎&\u0644\u0645\u062D‎=\uFD87‎=\uFD88
‎&لمح‎=ﶇ‎=ﶈ
# ‎&\u0644\u0645\u064A‎=\uFDAD
‎&لمي‎=ﶭ
# ‎&\u0644\u0647‎=\uFCCD
‎&له‎=ﳍ
# ‎&\u0644\u0649‎=\uFC43‎=\uFC86
‎&لى‎=ﱃ‎=ﲆ
# ‎&\u0644\u064A‎=\uFC44‎=\uFC87
‎&لي‎=ﱄ‎=ﲇ
# ‎&\u0645‎=\uFEE1‎=\uFEE2‎=\uFEE3‎=\uFEE4
‎&م‎=ﻡ‎=ﻢ‎=ﻣ‎=ﻤ
# ‎&\u0645\u0627‎=\uFC88
‎&ما‎=ﲈ
# ‎&\u0645\u062C‎=\uFC45‎=\uFCCE
‎&مج‎=ﱅ‎=ﳎ
# ‎&\u0645\u062C\u062D‎=\uFD8C
‎&مجح‎=ﶌ
# ‎&\u0645\u062C\u062E‎=\uFD92
‎&مجخ‎=ﶒ
# ‎&\u0645\u062C\u0645‎=\uFD8D
‎&مجم‎=ﶍ
# ‎&\u0645\u062C\u064A‎=\uFDC0
‎&مجي‎=ﷀ
# ‎&\u0645\u062D‎=\uFC46‎=\uFCCF
‎&مح‎=ﱆ‎=ﳏ
# ‎&\u0645\u062D\u062C‎=\uFD89
‎&محج‎=ﶉ
# ‎&\u0645\u062D\u0645‎=\uFD8A
‎&محم‎=ﶊ
# ‎&\u0645\u062D\u0645\u062F‎<<<\uFDF4
‎&محمد‎<<<ﷴ
# ‎&\u0645\u062D\u064A‎=\uFD8B
‎&محي‎=ﶋ
# ‎&\u0645\u062E‎=\uFC47‎=\uFCD0
‎&مخ‎=ﱇ‎=ﳐ
# ‎&\u0645\u062E\u062C‎=\uFD8E
‎&مخج‎=ﶎ
# ‎&\u0645\u062E\u0645‎=\uFD8F
‎&مخم‎=ﶏ
# ‎&\u0645\u062E\u064A‎=\uFDB9
‎&مخي‎=ﶹ
# ‎&\u0645\u0645‎=\uFC48‎=\uFC89‎=\uFCD1
‎&مم‎=ﱈ‎=ﲉ‎=ﳑ
# ‎&\u0645\u0645\u064A‎=\uFDB1
‎&ممي‎=ﶱ
# ‎&\u0645\u0649‎=\uFC49
‎&مى‎=ﱉ
# ‎&\u0645\u064A‎=\uFC4A
‎&مي‎=ﱊ
# ‎&\u0646‎=\uFEE5‎=\uFEE6‎=\uFEE7‎=\uFEE8
‎&ن‎=ﻥ‎=ﻦ‎=ﻧ‎=ﻨ
# ‎&\u0646\u062C‎=\uFC4B‎=\uFCD2
‎&نج‎=ﱋ‎=ﳒ
# ‎&\u0646\u062C\u062D‎=\uFDB8‎=\uFDBD
‎&نجح‎=ﶸ‎=ﶽ
# ‎&\u0646\u062C\u0645‎=\uFD97‎=\uFD98
‎&نجم‎=ﶗ‎=ﶘ
# ‎&\u0646\u062C\u0649‎=\uFD99
‎&نجى‎=ﶙ
# ‎&\u0646\u062C\u064A‎=\uFDC7
‎&نجي‎=ﷇ
# ‎&\u0646\u062D‎=\uFC4C‎=\uFCD3
‎&نح‎=ﱌ‎=ﳓ
# ‎&\u0646\u062D\u0645‎=\uFD95
‎&نحم‎=ﶕ
# ‎&\u0646\u062D\u0649‎=\uFD96
‎&نحى‎=ﶖ
# ‎&\u0646\u062D\u064A‎=\uFDB3
‎&نحي‎=ﶳ
# ‎&\u0646\u062E‎=\uFC4D‎=\uFCD4
‎&نخ‎=ﱍ‎=ﳔ
# ‎&\u0646\u0631‎=\uFC8A
‎&نر‎=ﲊ
# ‎&\u0646\u0632‎=\uFC8B
‎&نز‎=ﲋ
# ‎&\u0646\u0645‎=\uFC4E‎=\uFC8C‎=\uFCD5‎=\uFCEE
‎&نم‎=ﱎ‎=ﲌ‎=ﳕ‎=ﳮ
# ‎&\u0646\u0645\u0649‎=\uFD9B
‎&نمى‎=ﶛ
# ‎&\u0646\u0645\u064A‎=\uFD9A
‎&نمي‎=ﶚ
# ‎&\u0646\u0646‎=\uFC8D
‎&نن‎=ﲍ
# ‎&\u0646\u0647‎=\uFCD6‎=\uFCEF
‎&نه‎=ﳖ‎=ﳯ
# ‎&\u0646\u0649‎=\uFC4F‎=\uFC8E
‎&نى‎=ﱏ‎=ﲎ
# ‎&\u0646\u064A‎=\uFC50‎=\uFC8F
‎&ني‎=ﱐ‎=ﲏ
# ‎&\u0647‎=\uFEE9‎=\uFEEA‎=\uFEEB‎=\uFEEC
‎&ه‎=ﻩ‎=ﻪ‎=ﻫ‎=ﻬ
# ‎&\u0647\u062C‎=\uFC51‎=\uFCD7
‎&هج‎=ﱑ‎=ﳗ
# ‎&\u0647\u0645‎=\uFC52‎=\uFCD8
‎&هم‎=ﱒ‎=ﳘ
# ‎&\u0647\u0645\u062C‎=\uFD93
‎&همج‎=ﶓ
# ‎&\u0647\u0645\u0645‎=\uFD94
‎&همم‎=ﶔ
# ‎&\u0647\u0649‎=\uFC53
‎&هى‎=ﱓ
# ‎&\u0647\u064A‎=\uFC54
‎&هي‎=ﱔ
# ‎&\u0647\u0670‎=\uFCD9
‎&ه\u0670‎=ﳙ
# ‎&\u0648‎=\uFEED‎=\uFEEE
‎&و‎=ﻭ‎=ﻮ
# ‎&\u0648\u0633\u0644\u0645‎<<<\uFDF8
‎&وسلم‎<<<ﷸ
# ‎&\u0648\u0654‎=\uFE85‎=\uFE86
‎&ؤ‎=ﺅ‎=ﺆ
# ‎&\u0649‎=\uFBE8‎=\uFBE9‎=\uFEEF‎=\uFEF0
‎&ى‎=ﯨ‎=ﯩ‎=ﻯ‎=ﻰ
# ‎&\u0649\u0670‎=\uFC5D‎=\uFC90
‎&ى\u0670‎=ﱝ‎=ﲐ
# ‎&\u064A‎=\uFEF1‎=\uFEF2‎=\uFEF3‎=\uFEF4
‎&ي‎=ﻱ‎=ﻲ‎=ﻳ‎=ﻴ
# ‎&\u064A\u062C‎=\uFC55‎=\uFCDA
‎&يج‎=ﱕ‎=ﳚ
# ‎&\u064A\u062C\u064A‎=\uFDAF
‎&يجي‎=ﶯ
# ‎&\u064A\u062D‎=\uFC56‎=\uFCDB
‎&يح‎=ﱖ‎=ﳛ
# ‎&\u064A\u062D\u064A‎=\uFDAE
‎&يحي‎=ﶮ
# ‎&\u064A\u062E‎=\uFC57‎=\uFCDC
‎&يخ‎=ﱗ‎=ﳜ
# ‎&\u064A\u0631‎=\uFC91
‎&ير‎=ﲑ
# ‎&\u064A\u0632‎=\uFC92
‎&يز‎=ﲒ
# ‎&\u064A\u0645‎=\uFC58‎=\uFC93‎=\uFCDD‎=\uFCF0
‎&يم‎=ﱘ‎=ﲓ‎=ﳝ‎=ﳰ
# ‎&\u064A\u0645\u0645‎=\uFD9C‎=\uFD9D
‎&يمم‎=ﶜ‎=ﶝ
# ‎&\u064A\u0645\u064A‎=\uFDB0
‎&يمي‎=ﶰ
# ‎&\u064A\u0646‎=\uFC94
‎&ين‎=ﲔ
# ‎&\u064A\u0647‎=\uFCDE‎=\uFCF1
‎&يه‎=ﳞ‎=ﳱ
# ‎&\u064A\u0649‎=\uFC59‎=\uFC95
‎&يى‎=ﱙ‎=ﲕ
# ‎&\u064A\u064A‎=\uFC5A‎=\uFC96
‎&يي‎=ﱚ‎=ﲖ
# ‎&\u064A\u0654‎=\uFE89‎=\uFE8A‎=\uFE8B‎=\uFE8C
‎&ئ‎=ﺉ‎=ﺊ‎=ﺋ‎=ﺌ
# ‎&\u064A\u0654\u0627‎=\uFBEA‎=\uFBEB
‎&ئا‎=ﯪ‎=ﯫ
# ‎&\u064A\u0654\u062C‎=\uFC00‎=\uFC97
‎&ئج‎=ﰀ‎=ﲗ
# ‎&\u064A\u0654\u062D‎=\uFC01‎=\uFC98
‎&ئح‎=ﰁ‎=ﲘ
# ‎&\u064A\u0654\u062E‎=\uFC99
‎&ئخ‎=ﲙ
# ‎&\u064A\u0654\u0631‎=\uFC64
‎&ئر‎=ﱤ
# ‎&\u064A\u0654\u0632‎=\uFC65
‎&ئز‎=ﱥ
# ‎&\u064A\u0654\u0645‎=\uFC02‎=\uFC66‎=\uFC9A‎=\uFCDF
‎&ئم‎=ﰂ‎=ﱦ‎=ﲚ‎=ﳟ
# ‎&\u064A\u0654\u0646‎=\uFC67
‎&ئن‎=ﱧ
# ‎&\u064A\u0654\u0647‎=\uFC9B‎=\uFCE0
‎&ئه‎=ﲛ‎=ﳠ
# ‎&\u064A\u0654\u0648‎=\uFBEE‎=\uFBEF
‎&ئو‎=ﯮ‎=ﯯ
# ‎&\u064A\u0654\u0649‎=\uFBF9‎=\uFBFA‎=\uFBFB‎=\uFC03‎=\uFC68
‎&ئى‎=ﯹ‎=ﯺ‎=ﯻ‎=ﰃ‎=ﱨ
# ‎&\u064A\u0654\u064A‎=\uFC04‎=\uFC69
‎&ئي‎=ﰄ‎=ﱩ
# ‎&\u064A\u0654\u06C6‎=\uFBF2‎=\uFBF3
‎&ئۆ‎=ﯲ‎=ﯳ
# ‎&\u064A\u0654\u06C7‎=\uFBF0‎=\uFBF1
‎&ئۇ‎=ﯰ‎=ﯱ
# ‎&\u064A\u0654\u06C8‎=\uFBF4‎=\uFBF5
‎&ئۈ‎=ﯴ‎=ﯵ
# ‎&\u064A\u0654\u06D0‎=\uFBF6‎=\uFBF7‎=\uFBF8
‎&ئې‎=ﯶ‎=ﯷ‎=ﯸ
# ‎&\u064A\u0654\u06D5‎=\uFBEC‎=\uFBED
‎&ئە‎=ﯬ‎=ﯭ
# ‎&\u064B‎=\uFE70
‎&\u064B‎=ﹰ
# ‎&\u064C‎=\uFE72
‎&\u064C‎=ﹲ
# ‎&\u064C\u0651‎=\uFC5E
‎&\u064C\u0651‎=ﱞ
# ‎&\u064D‎=\uFE74
‎&\u064D‎=ﹴ
# ‎&\u064D\u0651‎=\uFC5F
‎&\u064D\u0651‎=ﱟ
# ‎&\u064E‎=\uFE76
‎&\u064E‎=ﹶ
# ‎&\u064E\u0651‎=\uFC60
‎&\u064E\u0651‎=ﱠ
# ‎&\u064F‎=\uFE78
‎&\u064F‎=ﹸ
# ‎&\u064F\u0651‎=\uFC61
‎&\u064F\u0651‎=ﱡ
# ‎&\u0650‎=\uFE7A
‎&\u0650‎=ﹺ
# ‎&\u0650\u0651‎=\uFC62
‎&\u0650\u0651‎=ﱢ
# ‎&\u0651‎=\uFE7C
‎&\u0651‎=ﹼ
# ‎&\u0651\u0670‎=\uFC63
‎&\u0651\u0670‎=ﱣ
# ‎&\u0652‎=\uFE7E
‎&\u0652‎=ﹾ
# ‎&\u0671‎=\uFB50‎=\uFB51
‎&ٱ‎=ﭐ‎=ﭑ
# ‎&\u0679‎=\uFB66‎=\uFB67‎=\uFB68‎=\uFB69
‎&ٹ‎=ﭦ‎=ﭧ‎=ﭨ‎=ﭩ
# ‎&\u067A‎=\uFB5E‎=\uFB5F‎=\uFB60‎=\uFB61
‎&ٺ‎=ﭞ‎=ﭟ‎=ﭠ‎=ﭡ
# ‎&\u067B‎=\uFB52‎=\uFB53‎=\uFB54‎=\uFB55
‎&ٻ‎=ﭒ‎=ﭓ‎=ﭔ‎=ﭕ
# ‎&\u067E‎=\uFB56‎=\uFB57‎=\uFB58‎=\uFB59
‎&پ‎=ﭖ‎=ﭗ‎=ﭘ‎=ﭙ
# ‎&\u067F‎=\uFB62‎=\uFB63‎=\uFB64‎=\uFB65
‎&ٿ‎=ﭢ‎=ﭣ‎=ﭤ‎=ﭥ
# ‎&\u0680‎=\uFB5A‎=\uFB5B‎=\uFB5C‎=\uFB5D
‎&ڀ‎=ﭚ‎=ﭛ‎=ﭜ‎=ﭝ
# ‎&\u0683‎=\uFB76‎=\uFB77‎=\uFB78‎=\uFB79
‎&ڃ‎=ﭶ‎=ﭷ‎=ﭸ‎=ﭹ
# ‎&\u0684‎=\uFB72‎=\uFB73‎=\uFB74‎=\uFB75
‎&ڄ‎=ﭲ‎=ﭳ‎=ﭴ‎=ﭵ
# ‎&\u0686‎=\uFB7A‎=\uFB7B‎=\uFB7C‎=\uFB7D
‎&چ‎=ﭺ‎=ﭻ‎=ﭼ‎=ﭽ
# ‎&\u0687‎=\uFB7E‎=\uFB7F‎=\uFB80‎=\uFB81
‎&ڇ‎=ﭾ‎=ﭿ‎=ﮀ‎=ﮁ
# ‎&\u0688‎=\uFB88‎=\uFB89
‎&ڈ‎=ﮈ‎=ﮉ
# ‎&\u068C‎=\uFB84‎=\uFB85
‎&ڌ‎=ﮄ‎=ﮅ
# ‎&\u068D‎=\uFB82‎=\uFB83
‎&ڍ‎=ﮂ‎=ﮃ
# ‎&\u068E‎=\uFB86‎=\uFB87
‎&ڎ‎=ﮆ‎=ﮇ
# ‎&\u0691‎=\uFB8C‎=\uFB8D
‎&ڑ‎=ﮌ‎=ﮍ
# ‎&\u0698‎=\uFB8A‎=\uFB8B
‎&ژ‎=ﮊ‎=ﮋ
# ‎&\u06A4‎=\uFB6A‎=\uFB6B‎=\uFB6C‎=\uFB6D
‎&ڤ‎=ﭪ‎=ﭫ‎=ﭬ‎=ﭭ
# ‎&\u06A6‎=\uFB6E‎=\uFB6F‎=\uFB70‎=\uFB71
‎&ڦ‎=ﭮ‎=ﭯ‎=ﭰ‎=ﭱ
# ‎&\u06A9‎=\uFB8E‎=\uFB8F‎=\uFB90‎=\uFB91
‎&ک‎=ﮎ‎=ﮏ‎=ﮐ‎=ﮑ
# ‎&\u06AD‎=\uFBD3‎=\uFBD4‎=\uFBD5‎=\uFBD6
‎&ڭ‎=ﯓ‎=ﯔ‎=ﯕ‎=ﯖ
# ‎&\u06AF‎=\uFB92‎=\uFB93‎=\uFB94‎=\uFB95
‎&گ‎=ﮒ‎=ﮓ‎=ﮔ‎=ﮕ
# ‎&\u06B1‎=\uFB9A‎=\uFB9B‎=\uFB9C‎=\uFB9D
‎&ڱ‎=ﮚ‎=ﮛ‎=ﮜ‎=ﮝ
# ‎&\u06B3‎=\uFB96‎=\uFB97‎=\uFB98‎=\uFB99
‎&ڳ‎=ﮖ‎=ﮗ‎=ﮘ‎=ﮙ
# ‎&\u06BA‎=\uFB9E‎=\uFB9F
‎&ں‎=ﮞ‎=ﮟ
# ‎&\u06BB‎=\uFBA0‎=\uFBA1‎=\uFBA2‎=\uFBA3
‎&ڻ‎=ﮠ‎=ﮡ‎=ﮢ‎=ﮣ
# ‎&\u06BE‎=\uFBAA‎=\uFBAB‎=\uFBAC‎=\uFBAD
‎&ھ‎=ﮪ‎=ﮫ‎=ﮬ‎=ﮭ
# ‎&\u06C1‎=\uFBA6‎=\uFBA7‎=\uFBA8‎=\uFBA9
‎&ہ‎=ﮦ‎=ﮧ‎=ﮨ‎=ﮩ
# ‎&\u06C5‎=\uFBE0‎=\uFBE1
‎&ۅ‎=ﯠ‎=ﯡ
# ‎&\u06C6‎=\uFBD9‎=\uFBDA
‎&ۆ‎=ﯙ‎=ﯚ
# ‎&\u06C7‎=\uFBD7‎=\uFBD8
‎&ۇ‎=ﯗ‎=ﯘ
# ‎&\u06C7\u0674‎=\uFBDD
‎&ۇٴ‎=ﯝ
# ‎&\u06C8‎=\uFBDB‎=\uFBDC
‎&ۈ‎=ﯛ‎=ﯜ
# ‎&\u06C9‎=\uFBE2‎=\uFBE3
‎&ۉ‎=ﯢ‎=ﯣ
# ‎&\u06CB‎=\uFBDE‎=\uFBDF
‎&ۋ‎=ﯞ‎=ﯟ
# ‎&\u06CC‎=\uFBFC‎=\uFBFD‎=\uFBFE‎=\uFBFF
‎&ی‎=ﯼ‎=ﯽ‎=ﯾ‎=ﯿ
# ‎&\u06D0‎=\uFBE4‎=\uFBE5‎=\uFBE6‎=\uFBE7
‎&ې‎=ﯤ‎=ﯥ‎=ﯦ‎=ﯧ
# ‎&\u06D2‎=\uFBAE‎=\uFBAF
‎&ے‎=ﮮ‎=ﮯ
# ‎&\u06D2\u0654‎=\uFBB0‎=\uFBB1
‎&ۓ‎=ﮰ‎=ﮱ
# ‎&\u06D5\u0654‎=\uFBA4‎=\uFBA5
‎&ۀ‎=ﮤ‎=ﮥ
#
# End of updated Arabic Ordering Specification
				]]></cr>
                        </collation>
		</collations>
</ldml>
