<?xml version="1.0" encoding="UTF-8" ?>
<!DOCTYPE ldml SYSTEM "../../common/dtd/ldml.dtd">
<!--
Copyright © 1991-2014 Unicode, Inc.
CLDR data files are interpreted according to the LDML specification (http://unicode.org/reports/tr35/)
For terms of use, see http://www.unicode.org/copyright.html
-->
<ldml>
	<identity>
		<version number="$Revision$"/>
		<language type="az" /> 
	</identity>
		<collations >
			<collation type="search">
				<cr><![CDATA[
					[import und-u-co-search]
					[import az-u-co-standard]
					[reorder others]  # reset to no reordering
				]]></cr>
			</collation>
			<collation type="standard" >
				<cr><![CDATA[
					[reorder Latn Cyrl]
					&C<ç<<<Ç
					&G<ğ<<<Ğ
					&[before 1]i<ı<<<I
					&i<<<İ
					&O<ö<<<Ö
					&S<ş<<<Ş
					&U<ü<<<Ü
					&K<q<<<Q
					&E<ə<<<Ə
					&H<x<<<X
					&Z<w<<<W
				]]></cr>
			</collation>
		</collations>
</ldml>
