<?xml version="1.0" encoding="UTF-8" ?>
<!DOCTYPE ldml SYSTEM "../../common/dtd/ldml.dtd">
<!-- Copyright © 1991-2021 Unicode, Inc.
For terms of use, see http://www.unicode.org/copyright.html
Unicode and the Unicode Logo are registered trademarks of Unicode, Inc. in the U.S. and other countries.
CLDR data files are interpreted according to the LDML specification (http://unicode.org/reports/tr35/)
-->
<ldml>
	<identity>
		<version number="$Revision$"/>
		<language type="bal"/>
	</identity>
	<collations>
		<collation type="standard" draft="provisional">
			<cr><![CDATA[
				& آ < ا & ٹ < ج & ڈ < ر & ڑ < ز & ۆ < ئو & ئو < ه & ێ < ے & ے < ئی & ئی < ئے
			]]></cr>
		</collation>
	</collations>
</ldml>
