<?xml version="1.0" encoding="UTF-8" ?>
<!DOCTYPE ldml SYSTEM "../../common/dtd/ldml.dtd">
<!--
Copyright © 1991-2021 Unicode, Inc.
CLDR data files are interpreted according to the LDML specification (http://unicode.org/reports/tr35/)
For terms of use, see http://www.unicode.org/copyright.html
-->
<ldml>
	<identity>
		<version number="$Revision$"/>
		<language type="bo" /> 
	</identity>
	<collations>
		<collation type="standard" draft="contributed">
			<cr><![CDATA[
				[normalization on]
				[reorder Tibt]
				# Rules for Sanskrit ordering
				# From Bod rgya tshig mdzod chen mo pages 9 - 11, 347, 1153, 1615, 1619, 1711, 1827, 2055, 2061, 2840, 2920, 3136 and 3137
				# Example: ཀར་ལུགས།  < ཀརྐ་ཊ།
				&ཀར<ཀརྐ<ཀརྟ<ཀརྞ<ཀརྨ<ཀརྴ<ཀརྵ
				&ཀལ<ཀལྐ<ཀལྤ
				&ཀས<ཀསྨ
				&གཉ<གཉྫ
				&ཐར<ཐརྐ
				&པུས<པུསྟི
				&ཕལ<ཕལྒ
				&བིལ<བིལྦ
				&མཉ<མཉྫ
				&མར<མརྒ
				&ཝར<ཝརྟ
				&ཤས<ཤསྟ
				&སར<སརྒ
				&ཨར<ཨརྒ<ཨརྱ=ཨཪྱ
				&ཨས<ཨསྨ
				# Marks (seconadry different)
				&[before 1]ཀ<།<<༎<<༏<<༐<<༑<<༔<<༴<་=༌
				&ཀ<<ྈྐ<ཫ<དཀ<བཀ<རྐ<ལྐ<སྐ<བརྐ<བསྐ
				&ཁ<<ྈྑ<མཁ<འཁ
				&ག<དགག<དགང<དགད<དགན<དགབ<དགཝ<དགའ<དགར<དགལ<དགས<དགི<དགུ<དགེ<དགོ<དགྭ<དགྱ<དགྲ<བགག<བགང<བགད<བགབ<བགམ<<<བགཾ<བགཝ<བགའ
						<བགར<བགལ<བགི<བགུ<བགེ<བགོ<བགྭ<བགྱ<བགྲ<བགླ<མགག<མགང<མགད<མགབ<མགའ<མགར<མགལ<མགི<མགུ<མགེ<མགོ<མགྭ<མགྱ<མགྲ<འགག<འགང<འགད<འགན<འགབ<འགམ<<<འགཾ
						<འགའ<འགར<འགལ<འགས<འགི<འགུ<འགེ<འགོ<འགྭ<འགྱ<འགྲ<རྒ<ལྒ<སྒ<བརྒ<བསྒ
				&ང<<<ྂ<<<ྃ<དངག<དངང<དངད<དངན<དངབ<དངའ<དངར<དངལ<དངི<དངུ<དངེ<དངོ<མངག<མངང<མངད<མངན<མངབ<མངའ<མངར<མངལ<མངི<མངུ<མངེ<མངོ<རྔ<ལྔ<སྔ<བརྔ<བསྔ
				&ཅ<གཅ<བཅ<ལྕ<བལྕ
				&ཆ<མཆ<འཆ
				&ཇ<མཇ<འཇ<རྗ<ལྗ<བརྗ
				&ཉ<<ྋྙ<གཉ<མཉ<རྙ=ཪྙ<སྙ<བརྙ=བཪྙ<བསྙ
				&ཏ<ཊ<ཏྭ<ཏྲ<གཏ<བཏ<རྟ<ལྟ<སྟ<བརྟ<བལྟ<བསྟ
				&ཐ<ཋ<མཐ<འཐ
				&ད<ཌ<གདག<གདང<གདད<གདན<གདབ<གདམ<<<གདཾ<གདའ<གདར<གདལ<གདས<གདི<གདུ<གདེ<གདོ<གདྭ<བདག<བདང<བདད<བདབ<བདམ<<<བདཾ<བདའ
						<བདར<བདལ<བདས<བདི<བདུ<བདེ<བདོ<བདྭ<མདག<མདང<མདད<མདན<མདབ<མདའ<མདར<མདལ<མདས<མདི<མདུ<མདེ<མདོ<མདྭ<འདག<འདང<འདད<འདན<འདབ<འདམ<<<འདཾ
						<འདཝ<འདའ<འདར<འདལ<འདས<འདི<འདུ<འདེ<འདོ<འདྭ<འདྲ<རྡ<ལྡ<སྡ<བརྡ<བལྡ<བསྡ
				&ན<ཎ<གནག<གནང<གནད<གནན<གནབ<གནམ<<<གནཾ<གནཝ<གནའ<གནར<གནལ<གནས<གནི<གནུ<གནེ<གནོ<གནྭ<མནག<མནང<མནད<མནན<མནབ<མནམ<<<མནཾ<མནའ
						<མནར<མནལ<མནས<མནི<མནུ<མནེ<མནོ<མནྭ<རྣ<སྣ<བརྣ<བསྣ
				&པ<<ྉྤ<དཔག<དཔང<དཔད<དཔབ<དཔའ<དཔར<དཔལ<དཔས<དཔི<དཔུ<དཔེ<དཔོ<དཔྱ<དཔྲ<ལྤ<སྤ
				&ཕ<<ྉྥ<འཕ
				&བ<དབག<དབང<དབད<དབན<དབབ<དབའ<དབར<དབལ<དབས<དབི<དབུ<དབེ<དབོ<དབྱ<དབྲ<འབག<འབང<འབད<འབན<འབབ<འབམ
					<<<འབཾ<འབའ<འབར<འབལ<འབས<འབི<འབུ<འབེ<འབོ<འབྱ<འབྲ<རྦ<ལྦ<སྦ
				&མ<<<ཾ<དམག<དམང<དམད<དམན<དམབ<དམཝ<དམའ<དམར<དམལ<དམས<དམི<དམུ<དམེ<དམོ<དམྭ<དམྱ<རྨ<སྨ
				&ཙ<གཙ<བཙ<རྩ<སྩ<བརྩ<བསྩ
				&ཚ<མཚ<འཚ
				&ཛ<མཛ<འཛ<རྫ<བརྫ
				# &ཝ
				&ཞ<གཞ<བཞ
				&ཟ<གཟ<བཟ
				# &འ
				&ཡ<གཡ
				&ར<<<ཪ<ཬ<བརླ=བཪླ
				# &ལ
				&ཤ<ཥ<གཤ<བཤ
				&ས<གསག<གསང<གསད<གསན<གསབ<གསའ<གསར<གསལ<གསས<གསི<གསུ<གསེ<གསོ<གསྭ<བསག<བསང<བསད<བསབ<བསམ<<<བསཾ<བསའ<བསར
						<བསལ<བསས<བསི<བསུ<བསེ<བསོ<བསྭ<བསྲ<བསླ
				&ཧ<ལྷ
				&ཨ
				# Explicit vowels
				<ཱ<ི<ཱི<ྀ<ཱྀ<ུ<ཱུ<ེ<ཻ=ེེ<ོ<ཽ=ོོ
				# Post-radicals
					<ྐ<ྑ<ྒ<ྔ<ྕ<ྖ<ྗ<ྙ<ྟ<ྚ<ྠ<ྛ<ྡ<ྜ<ྣ<ྞ<ྤ<ྥ<ྦ<ྨ<ྩ<ྪ<ྫ<ྭ<<<ྺ<ྮ<ྯ<ྰ<ྱ<<<ྻ<ྲ<<<ྼ<ླ<ྴ
					<ྵ<ྶ<ྷ<ྸ
				# Combining marks and signs (secondary weight)
				&༹<<྄<<ཿ<<྅<<ྈ<<ྉ<<ྊ<<ྋ<<ྌ<<ྍ<<ྎ<<ྏ
				# Treatༀ,  ཷand ,ཹ as decomposed
				&ཨོཾ=ༀ
				&ྲཱྀ=ཷ
				&ླཱྀ=ཹ
			]]></cr>
		</collation>
	</collations>
</ldml>
