<?xml version="1.0" encoding="UTF-8" ?>
<!DOCTYPE ldml SYSTEM "../../common/dtd/ldml.dtd">
<!--
Copyright © 1991-2014 Unicode, Inc.
CLDR data files are interpreted according to the LDML specification (http://unicode.org/reports/tr35/)
For terms of use, see http://www.unicode.org/copyright.html
-->
<ldml>
	<identity>
		<version number="$Revision$"/>
		<language type="da"/> 
	</identity>
	<collations>
		<collation type="search">
			<cr><![CDATA[
				[import und-u-co-search]
				[import da-u-co-standard]
				# Don't need caseFirst="upper" for search.
				[caseFirst off]
			]]></cr>
		</collation>
			<collation type="standard">
				<cr><![CDATA[
					[caseFirst upper]
					&D<<đ<<<Đ<<ð<<<Ð
					&th<<<þ
					&TH<<<Þ
					&Y<<ü<<<Ü<<ű<<<Ű
					&[before 1]ǀ<æ<<<Æ<<ä<<<Ä<ø<<<Ø<<ö<<<Ö<<ő<<<Ő<å<<<Å<<<aa<<<Aa<<<AA
					&oe<<œ<<<Œ
				]]></cr>
			</collation>
		</collations>
</ldml>
