<?xml version="1.0" encoding="UTF-8" ?>
<!DOCTYPE ldml SYSTEM "../../common/dtd/ldml.dtd">
<!--
Copyright © 1991-2014 Unicode, Inc.
CLDR data files are interpreted according to the LDML specification (http://unicode.org/reports/tr35/)
For terms of use, see http://www.unicode.org/copyright.html
-->
<ldml>
	<identity>
		<version number="$Revision$"/>
		<language type="fa" /> 
	</identity>
	<collations>
		<collation type="standard">
				<cr><![CDATA[
					[normalization on]
					[reorder Arab]
					&َ<<ِ<<ُ<<ً<<ٍ<<ٌ
					&[before 1]ا<آ
					&ا<<ٱ<ء
					<<أ<<ٲ<<إ<<ٳ<<ؤ
					<<یٔ<<<ىٔ<<<ئ
					&ک<<*ڪګكڬڭڮ
					&ۏ<ه<<ە<<ہ<<ة<<ۃ<<ۀ<<ھ
					&ی<<*ىےيېۑۍێ
				]]></cr>
		</collation>
	</collations>
</ldml>
