<?xml version="1.0" encoding="UTF-8" ?>
<!DOCTYPE ldml SYSTEM "../../common/dtd/ldml.dtd">
<!--
Copyright © 1991-2014 Unicode, Inc.
CLDR data files are interpreted according to the LDML specification (http://unicode.org/reports/tr35/)
For terms of use, see http://www.unicode.org/copyright.html
-->
<ldml>
	<identity>
		<version number="$Revision$"/>
		<language type="ff" /> 
		<script type="Adlm" /> 
	</identity>
	<collations>
		<collation type="standard" draft="contributed">
				<cr><![CDATA[
					## alifs (2)
					# “𞤢” U+1E922 ADLAM SMALL LETTER ALIF
					&𞤀<𞤀𞥄
					&𞤀𞥄=𞤀𞤀
					&𞤢<𞤢𞥄
					&𞤢𞥄=𞤢𞤢
					## consonants (58)
					# “𞤣” U+1E923 ADLAM SMALL LETTER DAALI
					&𞤁<𞤁𞥆
					&𞤁𞥆=𞤁𞤁
					&𞤣<𞤣𞥆
					&𞤣𞥆=𞤣𞤣
					# “𞤤” U+1E924 ADLAM SMALL LETTER LAAM
					&𞤂<𞤂𞥆
					&𞤂𞥆=𞤂𞤂
					&𞤤<𞤤𞥆
					&𞤤𞥆=𞤤𞤤
					# “𞤥” U+1E925 ADLAM SMALL LETTER MIIM
					&𞤃<𞤃𞥆
					&𞤃𞥆=𞤃𞤃
					&𞤥<𞤥𞥆
					&𞤥𞥆=𞤥𞤥
					# “𞤦” U+1E926 ADLAM SMALL LETTER BA
					&𞤄<𞤄𞥆
					&𞤄𞥆=𞤄𞤄
					&𞤦<𞤦𞥆
					&𞤦𞥆=𞤦𞤦
					# “𞤧” U+1E927 ADLAM SMALL LETTER SINNYIIYHE
					&𞤅<𞤅𞥆
					&𞤅𞥆=𞤅𞤅
					&𞤧<𞤧𞥆
					&𞤧𞥆=𞤧𞤧
					# “𞤨” U+1E928 ADLAM SMALL LETTER PE
					&𞤆<𞤆𞥆
					&𞤆𞥆=𞤆𞤆
					&𞤨<𞤨𞥆
					&𞤨𞥆=𞤨𞤨
					# “𞤩” U+1E929 ADLAM SMALL LETTER BHE
					&𞤇<𞤇𞥆
					&𞤇𞥆=𞤇𞤇
					&𞤩<𞤩𞥆
					&𞤩𞥆=𞤩𞤩
					# “𞤪” U+1E92A ADLAM SMALL LETTER RA
					&𞤈<𞤈𞥆
					&𞤈𞥆=𞤈𞤈
					&𞤪<𞤪𞥆
					&𞤪𞥆=𞤪𞤪
					# “𞤬” U+1E92C ADLAM SMALL LETTER FA
					&𞤊<𞤊𞥆
					&𞤊𞥆=𞤊𞤊
					&𞤬<𞤬𞥆
					&𞤬𞥆=𞤬𞤬
					# “𞤯” U+1E92F ADLAM SMALL LETTER DHA
					&𞤍<𞤍𞥆
					&𞤍𞥆=𞤍𞤍
					&𞤯<𞤯𞥆
					&𞤯𞥆=𞤯𞤯
					# “𞤰” U+1E930 ADLAM SMALL LETTER YHE
					&𞤎<𞤎𞥆
					&𞤎𞥆=𞤎𞤎
					&𞤰<𞤰𞥆
					&𞤰𞥆=𞤰𞤰
					# “𞤱” U+1E931 ADLAM SMALL LETTER WAW
					&𞤏<𞤏𞥆
					&𞤏𞥆=𞤏𞤏
					&𞤱<𞤱𞥆
					&𞤱𞥆=𞤱𞤱
					# “𞤲” U+1E932 ADLAM SMALL LETTER NUN
					&𞤐<𞤐𞥆
					&𞤐𞥆=𞤐𞤐
					&𞤲<𞤲𞥆
					&𞤲𞥆=𞤲𞤲
					# “𞤳” U+1E933 ADLAM SMALL LETTER KAF
					&𞤑<𞤑𞥆
					&𞤑𞥆=𞤑𞤑
					&𞤳<𞤳𞥆
					&𞤳𞥆=𞤳𞤳
					# “𞤴” U+1E934 ADLAM SMALL LETTER YA
					&𞤒<𞤒𞥆
					&𞤒𞥆=𞤒𞤒
					&𞤴<𞤴𞥆
					&𞤴𞥆=𞤴𞤴
					# “𞤶” U+1E936 ADLAM SMALL LETTER JIIM
					&𞤔<𞤔𞥆
					&𞤔𞥆=𞤔𞤔
					&𞤶<𞤶𞥆
					&𞤶𞥆=𞤶𞤶
					# “𞤷” U+1E937 ADLAM SMALL LETTER CHI
					&𞤕<𞤕𞥆
					&𞤕𞥆=𞤕𞤕
					&𞤷<𞤷𞥆
					&𞤷𞥆=𞤷𞤷
					# “𞤸” U+1E938 ADLAM SMALL LETTER HA
					&𞤖<𞤖𞥆
					&𞤖𞥆=𞤖𞤖
					&𞤸<𞤸𞥆
					&𞤸𞥆=𞤸𞤸
					# “𞤹” U+1E939 ADLAM SMALL LETTER QAAF
					&𞤗<𞤗𞥆
					&𞤗𞥆=𞤗𞤗
					&𞤹<𞤹𞥆
					&𞤹𞥆=𞤹𞤹
					# “𞤺” U+1E93A ADLAM SMALL LETTER GA
					&𞤘<𞤘𞥆
					&𞤘𞥆=𞤘𞤘
					&𞤺<𞤺𞥆
					&𞤺𞥆=𞤺𞤺
					# “𞤻” U+1E93B ADLAM SMALL LETTER NYA
					&𞤙<𞤙𞥆
					&𞤙𞥆=𞤙𞤙
					&𞤻<𞤻𞥆
					&𞤻𞥆=𞤻𞤻
					# “𞤼” U+1E93C ADLAM SMALL LETTER TU
					&𞤚<𞤚𞥆
					&𞤚𞥆=𞤚𞤚
					&𞤼<𞤼𞥆
					&𞤼𞥆=𞤼𞤼
					# “𞤽” U+1E93D ADLAM SMALL LETTER NHA
					&𞤛<𞤛𞥆
					&𞤛𞥆=𞤛𞤛
					&𞤽<𞤽𞥆
					&𞤽𞥆=𞤽𞤽
					# “𞤾” U+1E93E ADLAM SMALL LETTER VA
					&𞤜<𞤜𞥆
					&𞤜𞥆=𞤜𞤜
					&𞤾<𞤾𞥆
					&𞤾𞥆=𞤾𞤾
					# “𞤿” U+1E93F ADLAM SMALL LETTER KHA
					&𞤝<𞤝𞥆
					&𞤝𞥆=𞤝𞤝
					&𞤿<𞤿𞥆
					&𞤿𞥆=𞤿𞤿
					# “𞥀” U+1E940 ADLAM SMALL LETTER GBE
					&𞤞<𞤞𞥆
					&𞤞𞥆=𞤞𞤞
					&𞥀<𞥀𞥆
					&𞥀𞥆=𞥀𞥀
					# “𞥁” U+1E941 ADLAM SMALL LETTER ZAL
					&𞤟<𞤟𞥆
					&𞤟𞥆=𞤟𞤟
					&𞥁<𞥁𞥆
					&𞥁𞥆=𞥁𞥁
					# “𞥂” U+1E942 ADLAM SMALL LETTER KPO
					&𞤠<𞤠𞥆
					&𞤠𞥆=𞤠𞤠
					&𞥂<𞥂𞥆
					&𞥂𞥆=𞥂𞥂
					# “𞥃” U+1E943 ADLAM SMALL LETTER SHA
					&𞤡<𞤡𞥆
					&𞤡𞥆=𞤡𞤡
					&𞥃<𞥃𞥆
					&𞥃𞥆=𞥃𞥃
					## othervowels (8)
					# “𞤫” U+1E92B ADLAM SMALL LETTER E
					&𞤉<𞤉𞥅
					&𞤉𞥅<<𞤉𞤉
					&𞤫<𞤫𞥅
					&𞤫𞥅<<𞤫𞤫
					# “𞤭” U+1E92D ADLAM SMALL LETTER I
					&𞤋<𞤋𞥅
					&𞤋𞥅<<𞤋𞤋
					&𞤭<𞤭𞥅
					&𞤭𞥅<<𞤭𞤭
					# “𞤮” U+1E92E ADLAM SMALL LETTER O
					&𞤌<𞤌𞥅
					&𞤌𞥅<<𞤌𞤌
					&𞤮<𞤮𞥅
					&𞤮𞥅<<𞤮𞤮
					# “𞤵” U+1E935 ADLAM SMALL LETTER U
					&𞤓<𞤓𞥅
					&𞤓𞥅<<𞤓𞤓
					&𞤵<𞤵𞥅
					&𞤵𞥅<<𞤵𞤵					
				]]></cr>
		</collation>
	</collations>
</ldml>
