<?xml version="1.0" encoding="UTF-8" ?>
<!DOCTYPE ldml SYSTEM "../../common/dtd/ldml.dtd">
<!--
Copyright © 1991-2014 Unicode, Inc.
CLDR data files are interpreted according to the LDML specification (http://unicode.org/reports/tr35/)
For terms of use, see http://www.unicode.org/copyright.html
-->
<ldml>
	<identity>
		<version number="$Revision$"/>
		<language type="haw" /> 
	</identity>
	<collations>
		<collation type="standard">
			<cr><![CDATA[
				&a<e<<<E<i<<<I<o<<<O<u<<<U
				&w<ʻ
			]]></cr>
		</collation>
	</collations>
</ldml>
