<?xml version="1.0" encoding="UTF-8" ?>
<!DOCTYPE ldml SYSTEM "../../common/dtd/ldml.dtd">
<!--
Copyright © 1991 and later: Unicode, Inc. and others.
License & terms of use: http://www.unicode.org/copyright.html
CLDR data files are interpreted according to the LDML specification (http://unicode.org/reports/tr35/)
-->
<ldml>
	<identity>
		<version number="$Revision$"/>
		<language type="he" /> 
	</identity>
		<collations>
			<collation type="standard">
				<cr><![CDATA[
					[normalization on]
					[reorder Hebr]
				]]></cr>
			</collation>
		</collations>
</ldml>
