<?xml version="1.0" encoding="UTF-8" ?>
<!DOCTYPE ldml SYSTEM "../../common/dtd/ldml.dtd">
<!--
Copyright © 1991-2014 Unicode, Inc.
CLDR data files are interpreted according to the LDML specification (http://unicode.org/reports/tr35/)
For terms of use, see http://www.unicode.org/copyright.html
-->
<ldml>
	<identity>
		<version number="$Revision$" />
		<language type="hr" />
	</identity>
	<collations>
		<collation type="search">
			<cr><![CDATA[
				[import und-u-co-search]
				[import hr-u-co-standard]
				[reorder others]  # reset to no reordering
			]]></cr>
		</collation>
		<collation type="standard">
			<cr><![CDATA[
				[reorder Latn Cyrl]
				&C<č<<<Č<ć<<<Ć
				&D<dž<<<ǆ<<<Dž<<<ǅ<<<DŽ<<<Ǆ<đ<<<Đ
				&L<lj<<<ǉ<<<Lj<<<ǈ<<<LJ<<<Ǉ
				&N<nj<<<ǌ<<<Nj<<<ǋ<<<NJ<<<Ǌ
				&S<š<<<Š
				&Z<ž<<<Ž
			]]></cr>
		</collation>
	</collations>
</ldml>
