<?xml version="1.0" encoding="UTF-8" ?>
<!DOCTYPE ldml SYSTEM "../../common/dtd/ldml.dtd">
<!--
Copyright © 1991-2013 Unicode, Inc.
CLDR data files are interpreted according to the LDML specification (http://unicode.org/reports/tr35/)
For terms of use, see http://www.unicode.org/copyright.html
-->
<ldml>
	<identity>
		<version number="$Revision$"/>
		<language type="hu" /> 
	</identity>
		<collations  >
			<collation type="standard" >
				<cr><![CDATA[
					&C<cs<<<Cs<<<CS
					&D<dz<<<Dz<<<DZ
					&DZ<dzs<<<Dzs<<<DZS
					&G<gy<<<Gy<<<GY
					&L<ly<<<Ly<<<LY
					&N<ny<<<Ny<<<NY
					&S<sz<<<Sz<<<SZ
					&T<ty<<<Ty<<<TY
					&Z<zs<<<Zs<<<ZS
					&O<ö<<<Ö<<ő<<<Ő
					&U<ü<<<Ü<<ű<<<Ű
					&cs<<<ccs/cs
					&Cs<<<Ccs/cs
					&CS<<<CCS/CS
					&dz<<<ddz/dz
					&Dz<<<Ddz/dz
					&DZ<<<DDZ/DZ
					&dzs<<<ddzs/dzs
					&Dzs<<<Ddzs/dzs
					&DZS<<<DDZS/DZS
					&gy<<<ggy/gy
					&Gy<<<Ggy/gy
					&GY<<<GGY/GY
					&ly<<<lly/ly
					&Ly<<<Lly/ly
					&LY<<<LLY/LY
					&ny<<<nny/ny
					&Ny<<<Nny/ny
					&NY<<<NNY/NY
					&sz<<<ssz/sz
					&Sz<<<Ssz/sz
					&SZ<<<SSZ/SZ
					&ty<<<tty/ty
					&Ty<<<Tty/ty
					&TY<<<TTY/TY
					&zs<<<zzs/zs
					&Zs<<<Zzs/zs
					&ZS<<<ZZS/ZS
				]]></cr>
			</collation  >
			<collation draft="unconfirmed" alt="proposed" type="standard" >
				<cr><![CDATA[
					&C<cs<<<cS<<<Cs<<<CS
					&D<dz<<<dZ<<<Dz<<<DZ
					&DZ<dzs<<<dzS<<<dZs<<<dZS<<<Dzs<<<DzS<<<DZs<<<DZS
					&G<gy<<<gY<<<Gy<<<GY
					&L<ly<<<lY<<<Ly<<<LY
					&N<ny<<<nY<<<Ny<<<NY
					&S<sz<<<sZ<<<Sz<<<SZ
					&T<ty<<<tY<<<Ty<<<TY
					&Z<zs<<<zS<<<Zs<<<ZS
					&O<ö<<<Ö<<ő<<<Ő
					&U<ü<<<Ü<<ű<<<Ű
					&cs<<<ccs/cs<<<ccS/cS<<<cCs/Cs<<<cCS/CS
					&Cs<<<Ccs/cs<<<CcS/cS<<<CCs/Cs
					&CS<<<CCS/CS
					&dz<<<ddz/dz<<<ddZ/dZ<<<dDz/Dz<<<dDZ/DZ
					&Dz<<<Ddz/dz<<<DdZ/dZ<<<DDz/Dz
					&DZ<<<DDZ/DZ
					&dzs<<<ddzs/dzs<<<ddzS/dzS<<<ddZs/dZs<<<ddZS/dZS<<<dDzs/Dzs<<<dDzS/DzS<<<dDZs/DZs
					<<<dDZS/DZS
					&Dzs<<<Ddzs/dzs<<<DdzS/dzS<<<DdZs/dZs<<<DdZS/dZS<<<DDzs/Dzs<<<DDzS/DzS<<<DDZs/DZs
					&DZS<<<DDZS/DZS
					&gy<<<ggy/gy<<<ggY/gY<<<gGy/Gy<<<gGY/GY
					&Gy<<<Ggy/gy<<<GgY/gY<<<GGy/Gy
					&GY<<<GGY/GY
					&ly<<<lly/ly<<<llY/lY<<<lLy/Ly<<<lLY/LY
					&Ly<<<Lly/ly<<<LlY/lY<<<LLy/Ly
					&LY<<<LLY/LY
					&ny<<<nny/ny<<<nnY/nY<<<nNy/Ny<<<nNY/NY
					&Ny<<<Nny/ny<<<NnY/nY<<<NNy/Ny
					&NY<<<NNY/NY
					&sz<<<ssz/sz<<<ssZ/sZ<<<sSz/Sz<<<sSZ/SZ
					&Sz<<<Ssz/sz<<<SsZ/sZ<<<SSz/Sz
					&SZ<<<SSZ/SZ
					&ty<<<tty/ty<<<ttY/tY<<<tTy/Ty<<<tTY/TY
					&Ty<<<Tty/ty<<<TtY/tY<<<TTy/Ty
					&TY<<<TTY/TY
					&zs<<<zzs/zs<<<zzS/zS<<<zZs/Zs<<<zZS/ZS
					&Zs<<<Zzs/zs<<<ZzS/zS<<<ZZs/Zs
					&ZS<<<ZZS/ZS
				]]></cr>
			</collation  >
		</collations>
</ldml>
