<?xml version="1.0" encoding="UTF-8" ?>
<!DOCTYPE ldml SYSTEM "../../common/dtd/ldml.dtd">
<!--
Copyright © 1991-2013 Unicode, Inc.
CLDR data files are interpreted according to the LDML specification (http://unicode.org/reports/tr35/)
For terms of use, see http://www.unicode.org/copyright.html
-->
<ldml>
	<identity>
		<version number="$Revision$" />
		<language type="kk"/>
	</identity>
	<collations>
		<collation type="standard">
			<cr><![CDATA[
				[reorder Cyrl]
				# The root collation already sorts й/Й as a base letter.
				&Е<ё<<<Ё
				&Ұ<ү<<<Ү
				&[before 1]ь<і<<<І
			]]></cr>
		</collation>
	</collations>
</ldml>
