<?xml version="1.0" encoding="UTF-8" ?>
<!DOCTYPE ldml SYSTEM "../../common/dtd/ldml.dtd">
<!--
Copyright © 2014 Unicode, Inc.
CLDR data files are interpreted according to the LDML specification (http://unicode.org/reports/tr35/)
For terms of use, see http://www.unicode.org/copyright.html
-->
<ldml>
	<identity>
		<version number="$Revision$"/>
		<language type="ky"/>
	</identity>
	<collations>
		<collation type="standard">
<!-- Mostly standard Cyrillic sort order,
  see http://en.wikipedia.org/wiki/Kyrgyz_alphabets#Correspondence_chart
  Tilek Mamutov (Google) confirms that ё and й should sort as base letters,
  but for string search ё should only be secondary-different from е. -->
<cr><![CDATA[
[reorder Cyrl]
# The root collation already sorts й/Й as a base letter.
&е<ё<<<Ё
]]></cr>
		</collation>
	</collations>
</ldml>
