<?xml version="1.0" encoding="UTF-8" ?>
<!DOCTYPE ldml SYSTEM "../../common/dtd/ldml.dtd">
<!--
Copyright © 1991-2013 Unicode, Inc.
CLDR data files are interpreted according to the LDML specification (http://unicode.org/reports/tr35/)
For terms of use, see http://www.unicode.org/copyright.html
-->
<ldml>
	<identity>
		<version number="$Revision$" />
		<language type="lt" />
	</identity>
	<collations >
		<collation type="standard" references="Bronius Piesarkas: Lithuanian-English Dictionary ISBN 9986-465-56-7">
			<cr><![CDATA[
				&̀=̇̀
				&́=̇́
				&̃=̇̃
				&A<<ą<<<Ą
				&C<č<<<Č
				&E<<ę<<<Ę<<ė<<<Ė
				&I<<į<<<Į<<y<<<Y
				&S<š<<<Š
				&U<<ų<<<Ų<<ū<<<Ū
				&Z<ž<<<Ž
			]]></cr>
		</collation>
	</collations>
</ldml>
