<?xml version="1.0" encoding="UTF-8" ?>
<!DOCTYPE ldml SYSTEM "../../common/dtd/ldml.dtd">
<!--
Copyright © 1991-2013 Unicode, Inc.
CLDR data files are interpreted according to the LDML specification (http://unicode.org/reports/tr35/)
For terms of use, see http://www.unicode.org/copyright.html
-->
<ldml>
	<identity>
		<version number="$Revision$"/>
		<language type="lv" /> 
	</identity>
		<collations  >
			<collation type="standard" references="LVS 24:1993, LATVIAN LANGUAGE SUPPORT FOR COMPUTERS">
				<cr><![CDATA[
					&A<ā<<<Ā
					&C<č<<<Č
					&E<ē<<<Ē
					&G<ģ<<<Ģ
					&I<y<<<Y<ī<<<Ī
					&K<ķ<<<Ķ
					&L<ļ<<<Ļ
					&N<ņ<<<Ņ
					&O<ō<<<Ō
					&R<ŗ<<<Ŗ
					&S<š<<<Š
					&U<ū<<<Ū
					&Z<ž<<<Ž
				]]></cr>
			</collation>
		</collations>
</ldml>
