<?xml version="1.0" encoding="UTF-8" ?>
<!DOCTYPE ldml SYSTEM "../../common/dtd/ldml.dtd">
<!--
Copyright © 1991-2014 Unicode, Inc.
CLDR data files are interpreted according to the LDML specification (http://unicode.org/reports/tr35/)
For terms of use, see http://www.unicode.org/copyright.html
-->
<ldml>
	<identity>
		<version number="$Revision$"/>
		<language type="ps" /> 
	</identity>
	<collations>
		<collation type="standard">
				<cr><![CDATA[
					[normalization on]
					[reorder Arab]
					&َ<<ِ<<ُ<<ً<<ٍ<<ٌ
					&[before 1]ا<آ
					&ا<<أ<<ٲ<<ٱ<<إ<<ٳ<ء
					&ت<ټ<<ٹ
					&ج<ځ<<حٔ
					&چ<څ
					&د<ډ<<ڈ
					&ر<ړ<<ڑ
					&ژ<ږ
					&ک<<*ڪك
					&ګ<<گ
					&ڼ<<ڻ
					&و<<ؤ<<ۇ<<ۉ
					&ه<<<ۀ<<<هٔ<<*ەہھةۃ
					&ی<<*ىےيېۍ<<یٔ<<<ىٔ<<<ئ
					&\u00A0<<\u200C<<\u200D
				]]></cr>
		</collation>
	</collations>
</ldml>
