<?xml version="1.0" encoding="UTF-8" ?>
<!DOCTYPE ldml SYSTEM "../../common/dtd/ldml.dtd">
<!--
Copyright © 1991-2013 Unicode, Inc.
CLDR data files are interpreted according to the LDML specification (http://unicode.org/reports/tr35/)
For terms of use, see http://www.unicode.org/copyright.html
-->
<ldml>
	<identity>
		<version number="$Revision$"/>
		<language type="ro" /> 
	</identity>
		<collations >
			<collation type="standard" references="Academia Română: DEX - Dicționarul explicativ al limbii române ISBN 973-924-329-2">
				<cr><![CDATA[
					&A<ă<<<Ă<â<<<Â
					&I<î<<<Î
					&S<ş=ș<<<Ş=Ș
					&T<ţ=ț<<<Ţ=Ț
				]]></cr>
			</collation>
		</collations>
</ldml>
