<?xml version="1.0" encoding="UTF-8" ?>
<!DOCTYPE ldml SYSTEM "../../common/dtd/ldml.dtd">
<!--
Copyright © 1991-2013 Unicode, Inc.
CLDR data files are interpreted according to the LDML specification (http://unicode.org/reports/tr35/)
For terms of use, see http://www.unicode.org/copyright.html
-->
<ldml>
	<identity>
		<version number="$Revision$"/>
		<language type="to" /> 
	</identity>
	<collations >
        <collation type="standard">
            <cr><![CDATA[
                &n<ng<<<Ng<<<NG<<<ŋ<<<Ŋ
                &z<ʻ<<<ʽ
                &a<<á<<<Á<<ā<<<Ā
                &e<<é<<<É<<ē<<<Ē
                &i<<í<<<Í<<ī<<<Ī
                &o<<ó<<<Ó<<ō<<<Ō
                &u<<ú<<<Ú<<ū<<<Ū
            ]]></cr>
        </collation>
    </collations>
</ldml>
