<?xml version="1.0" encoding="UTF-8" ?>
<!DOCTYPE ldml SYSTEM "../../common/dtd/ldml.dtd">
<!--
Copyright © 1991 and later: Unicode, Inc. and others.
License & terms of use: http://www.unicode.org/copyright.html
CLDR data files are interpreted according to the LDML specification (http://unicode.org/reports/tr35/)
-->
<ldml>
	<identity>
		<version number="$Revision$"/>
		<language type="yi" /> 
	</identity>
	<collations>
		<collation type="standard">
				<cr><![CDATA[
					[normalization on]
					[reorder Hebr]
					&ב<בֿ
					&ו<<וּ<<וו<<וי
					&י<<יִ<<יי<<ײַ
					&[before 1]כ<כּ
					&[before 1]פ<פּ
					&פֿ<<<ף
					&ש<שׂ
					&[before 1]ת<תּ
				]]></cr>
		</collation>
	</collations>
</ldml>
